[{"Year": "2021", "Month": "01", "Rank": "1", "Chart_Movement": "+2", "Title": "Grand Theft Auto V", "Hours_Played": "86512", "Players": "4783", "Sessions": "47759", "Avg_Session": "1:49"}, {"Year": "2021", "Month": "01", "Rank": "2", "Chart_Movement": "=", "Title": "Fortnite", "Hours_Played": "84011", "Players": "4310", "Sessions": "64301", "Avg_Session": "1:19"}, {"Year": "2021", "Month": "01", "Rank": "3", "Chart_Movement": "+1", "Title": "Call of Duty\u00ae: Black Ops Cold War", "Hours_Played": "77621", "Players": "3720", "Sessions": "51710", "Avg_Session": "1:31"}, {"Year": "2021", "Month": "01", "Rank": "4", "Chart_Movement": "+1", "Title": "FIFA 21", "Hours_Played": "74020", "Players": "2094", "Sessions": "43892", "Avg_Session": "1:42"}, {"Year": "2021", "Month": "01", "Rank": "5", "Chart_Movement": "+1", "Title": "Call of Duty\u00ae: Modern Warfare\u00ae", "Hours_Played": "73665", "Players": "4471", "Sessions": "51551", "Avg_Session": "1:26"}, {"Year": "2021", "Month": "01", "Rank": "6", "Chart_Movement": "+1", "Title": "Rocket League\u00ae", "Hours_Played": "60119", "Players": "4256", "Sessions": "56247", "Avg_Session": "1:05"}, {"Year": "2021", "Month": "01", "Rank": "7", "Chart_Movement": "+2", "Title": "Apex Legends", "Hours_Played": "51898", "Players": "2389", "Sessions": "35661", "Avg_Session": "1:28"}, {"Year": "2021", "Month": "01", "Rank": "8", "Chart_Movement": "+3", "Title": "Minecraft", "Hours_Played": "49872", "Players": "3323", "Sessions": "29310", "Avg_Session": "1:43"}, {"Year": "2021", "Month": "01", "Rank": "9", "Chart_Movement": "+1", "Title": "Tom Clancy's Rainbow Six Siege", "Hours_Played": "45998", "Players": "2438", "Sessions": "31214", "Avg_Session": "1:29"}, {"Year": "2021", "Month": "01", "Rank": "10", "Chart_Movement": "-2", "Title": "Assassin's Creed\u00ae Valhalla", "Hours_Played": "36457", "Players": "1464", "Sessions": "17579", "Avg_Session": "2:05"}, {"Year": "2021", "Month": "01", "Rank": "11", "Chart_Movement": "-10", "Title": "Cyberpunk 2077", "Hours_Played": "35924", "Players": "1892", "Sessions": "16641", "Avg_Session": "2:10"}, {"Year": "2021", "Month": "01", "Rank": "12", "Chart_Movement": "=", "Title": "Genshin Impact", "Hours_Played": "34468", "Players": "1421", "Sessions": "22570", "Avg_Session": "1:32"}, {"Year": "2021", "Month": "01", "Rank": "13", "Chart_Movement": "+1", "Title": "Red Dead Redemption 2", "Hours_Played": "30939", "Players": "2044", "Sessions": "17017", "Avg_Session": "1:50"}, {"Year": "2021", "Month": "01", "Rank": "14", "Chart_Movement": "+4", "Title": "ARK: Survival Evolved", "Hours_Played": "28825", "Players": "830", "Sessions": "10105", "Avg_Session": "2:52"}, {"Year": "2021", "Month": "01", "Rank": "15", "Chart_Movement": "-2", "Title": "Destiny 2", "Hours_Played": "27463", "Players": "930", "Sessions": "11869", "Avg_Session": "2:19"}, {"Year": "2021", "Month": "01", "Rank": "16", "Chart_Movement": "-1", "Title": "Ghost of Tsushima", "Hours_Played": "23836", "Players": "1532", "Sessions": "13058", "Avg_Session": "1:50"}, {"Year": "2021", "Month": "01", "Rank": "17", "Chart_Movement": "-1", "Title": "Dead by Daylight", "Hours_Played": "22990", "Players": "1015", "Sessions": "12786", "Avg_Session": "1:48"}, {"Year": "2021", "Month": "01", "Rank": "18", "Chart_Movement": "-1", "Title": "Overwatch: Origins Edition", "Hours_Played": "20162", "Players": "1233", "Sessions": "13945", "Avg_Session": "1:27"}, {"Year": "2021", "Month": "01", "Rank": "19", "Chart_Movement": "NEW", "Title": "Shadow of the Tomb Raider", "Hours_Played": "12903", "Players": "2012", "Sessions": "8406", "Avg_Session": "1:33"}, {"Year": "2021", "Month": "01", "Rank": "20", "Chart_Movement": "+4", "Title": "NBA 2K21", "Hours_Played": "12811", "Players": "353", "Sessions": "7425", "Avg_Session": "1:44"}, {"Year": "2021", "Month": "01", "Rank": "21", "Chart_Movement": "-1", "Title": "The Last of Us\u2122 Part II", "Hours_Played": "11918", "Players": "1056", "Sessions": "6673", "Avg_Session": "1:48"}, {"Year": "2021", "Month": "01", "Rank": "22", "Chart_Movement": "=", "Title": "The Witcher 3: Wild Hunt", "Hours_Played": "11286", "Players": "812", "Sessions": "5551", "Avg_Session": "2:02"}, {"Year": "2021", "Month": "01", "Rank": "23", "Chart_Movement": "NEW", "Title": "STAR WARS\u2122 Battlefront\u2122 II", "Hours_Played": "10550", "Players": "1330", "Sessions": "8628", "Avg_Session": "1:14"}, {"Year": "2021", "Month": "01", "Rank": "24", "Chart_Movement": "+24", "Title": "The Elder Scrolls Online: Tamriel Unlimited", "Hours_Played": "10469", "Players": "290", "Sessions": "4778", "Avg_Session": "2:12"}, {"Year": "2021", "Month": "01", "Rank": "25", "Chart_Movement": "-2", "Title": "FIFA 20", "Hours_Played": "9802", "Players": "1066", "Sessions": "7779", "Avg_Session": "1:16"}, {"Year": "2021", "Month": "01", "Rank": "26", "Chart_Movement": "+6", "Title": "Persona 5 Royal", "Hours_Played": "8780", "Players": "376", "Sessions": "3956", "Avg_Session": "2:14"}, {"Year": "2021", "Month": "01", "Rank": "27", "Chart_Movement": "-8", "Title": "Marvel's Spider-Man: Miles Morales", "Hours_Played": "8705", "Players": "986", "Sessions": "6059", "Avg_Session": "1:27"}, {"Year": "2021", "Month": "01", "Rank": "28", "Chart_Movement": "+1", "Title": "Immortals Fenyx Rising \u2122", "Hours_Played": "8694", "Players": "452", "Sessions": "4400", "Avg_Session": "1:59"}, {"Year": "2021", "Month": "01", "Rank": "29", "Chart_Movement": "-1", "Title": "Fall Guys: Ultimate Knockout", "Hours_Played": "8385", "Players": "2019", "Sessions": "10301", "Avg_Session": "0:49"}, {"Year": "2021", "Month": "01", "Rank": "30", "Chart_Movement": "-9", "Title": "God of War", "Hours_Played": "8208", "Players": "910", "Sessions": "4811", "Avg_Session": "1:43"}, {"Year": "2021", "Month": "01", "Rank": "31", "Chart_Movement": "-5", "Title": "DAYS GONE", "Hours_Played": "7892", "Players": "695", "Sessions": "4203", "Avg_Session": "1:53"}, {"Year": "2021", "Month": "01", "Rank": "32", "Chart_Movement": "+18", "Title": "Tom Clancy's The Division\u00ae 2", "Hours_Played": "7889", "Players": "489", "Sessions": "3523", "Avg_Session": "2:15"}, {"Year": "2021", "Month": "01", "Rank": "33", "Chart_Movement": "+4", "Title": "STAR WARS Jedi: Fallen Order\u2122", "Hours_Played": "7614", "Players": "932", "Sessions": "4841", "Avg_Session": "1:35"}, {"Year": "2021", "Month": "01", "Rank": "34", "Chart_Movement": "NEW", "Title": "DEATH STRANDING\u2122", "Hours_Played": "7589", "Players": "553", "Sessions": "3639", "Avg_Session": "2:06"}, {"Year": "2021", "Month": "01", "Rank": "35", "Chart_Movement": "+6", "Title": "Monster Hunter World: Iceborne", "Hours_Played": "7359", "Players": "525", "Sessions": "3331", "Avg_Session": "2:13"}, {"Year": "2021", "Month": "01", "Rank": "36", "Chart_Movement": "+43", "Title": "The Forest", "Hours_Played": "7133", "Players": "752", "Sessions": "3433", "Avg_Session": "2:05"}, {"Year": "2021", "Month": "01", "Rank": "37", "Chart_Movement": "-7", "Title": "Assassin's Creed\u00ae Odyssey", "Hours_Played": "7002", "Players": "475", "Sessions": "3491", "Avg_Session": "2:01"}, {"Year": "2021", "Month": "01", "Rank": "38", "Chart_Movement": "+32", "Title": "The Crew\u00ae 2", "Hours_Played": "6736", "Players": "774", "Sessions": "4958", "Avg_Session": "1:22"}, {"Year": "2021", "Month": "01", "Rank": "39", "Chart_Movement": "-4", "Title": "Bloodborne\u2122", "Hours_Played": "6529", "Players": "816", "Sessions": "4504", "Avg_Session": "1:27"}, {"Year": "2021", "Month": "01", "Rank": "40", "Chart_Movement": "-4", "Title": "DARK SOULS\u2122 III", "Hours_Played": "6394", "Players": "539", "Sessions": "4094", "Avg_Session": "1:34"}, {"Year": "2021", "Month": "01", "Rank": "41", "Chart_Movement": "+4", "Title": "Mortal Kombat 11", "Hours_Played": "6381", "Players": "799", "Sessions": "5321", "Avg_Session": "1:12"}, {"Year": "2021", "Month": "01", "Rank": "42", "Chart_Movement": "+2", "Title": "Horizon Zero Dawn", "Hours_Played": "6237", "Players": "727", "Sessions": "3517", "Avg_Session": "1:47"}, {"Year": "2021", "Month": "01", "Rank": "43", "Chart_Movement": "+6", "Title": "FINAL FANTASY XIV", "Hours_Played": "6091", "Players": "129", "Sessions": "1661", "Avg_Session": "3:41"}, {"Year": "2021", "Month": "01", "Rank": "44", "Chart_Movement": "-13", "Title": "Marvel's Spider-Man", "Hours_Played": "6088", "Players": "813", "Sessions": "4235", "Avg_Session": "1:27"}, {"Year": "2021", "Month": "01", "Rank": "45", "Chart_Movement": "-18", "Title": "Demon's Souls", "Hours_Played": "5774", "Players": "408", "Sessions": "3801", "Avg_Session": "1:32"}, {"Year": "2021", "Month": "01", "Rank": "46", "Chart_Movement": "+17", "Title": "DayZ", "Hours_Played": "5701", "Players": "288", "Sessions": "2769", "Avg_Session": "2:04"}, {"Year": "2021", "Month": "01", "Rank": "47", "Chart_Movement": "-1", "Title": "F1\u00ae 2020", "Hours_Played": "5418", "Players": "367", "Sessions": "3803", "Avg_Session": "1:26"}, {"Year": "2021", "Month": "01", "Rank": "48", "Chart_Movement": "NEW", "Title": "GreedFall", "Hours_Played": "5411", "Players": "1657", "Sessions": "3936", "Avg_Session": "1:23"}, {"Year": "2021", "Month": "01", "Rank": "49", "Chart_Movement": "+11", "Title": "NBA 2K20", "Hours_Played": "5393", "Players": "461", "Sessions": "3978", "Avg_Session": "1:22"}, {"Year": "2021", "Month": "01", "Rank": "50", "Chart_Movement": "+23", "Title": "SMITE", "Hours_Played": "5277", "Players": "261", "Sessions": "3353", "Avg_Session": "1:35"}, {"Year": "2021", "Month": "01", "Rank": "51", "Chart_Movement": "+15", "Title": "Battlefield\u2122 V", "Hours_Played": "5261", "Players": "676", "Sessions": "3980", "Avg_Session": "1:20"}, {"Year": "2021", "Month": "01", "Rank": "52", "Chart_Movement": "+31", "Title": "Warframe", "Hours_Played": "5241", "Players": "292", "Sessions": "3141", "Avg_Session": "1:41"}, {"Year": "2021", "Month": "01", "Rank": "53", "Chart_Movement": "+2", "Title": "Fallout 4", "Hours_Played": "5191", "Players": "405", "Sessions": "2477", "Avg_Session": "2:06"}, {"Year": "2021", "Month": "01", "Rank": "54", "Chart_Movement": "+2", "Title": "The Last of Us\u2122 Remastered", "Hours_Played": "5150", "Players": "608", "Sessions": "3326", "Avg_Session": "1:33"}, {"Year": "2021", "Month": "01", "Rank": "55", "Chart_Movement": "-4", "Title": "For Honor", "Hours_Played": "5079", "Players": "448", "Sessions": "3834", "Avg_Session": "1:20"}, {"Year": "2021", "Month": "01", "Rank": "56", "Chart_Movement": "+8", "Title": "Call of Duty\u00ae: Black Ops III", "Hours_Played": "5070", "Players": "877", "Sessions": "4350", "Avg_Session": "1:10"}, {"Year": "2021", "Month": "01", "Rank": "57", "Chart_Movement": "-10", "Title": "Borderlands\u00ae 3", "Hours_Played": "5011", "Players": "429", "Sessions": "2568", "Avg_Session": "1:58"}, {"Year": "2021", "Month": "01", "Rank": "58", "Chart_Movement": "NEW", "Title": "Tom Clancys Ghost Recon Breakpoint", "Hours_Played": "4948", "Players": "480", "Sessions": "2368", "Avg_Session": "2:06"}, {"Year": "2021", "Month": "01", "Rank": "59", "Chart_Movement": "-1", "Title": "Brawlhalla", "Hours_Played": "4909", "Players": "742", "Sessions": "5897", "Avg_Session": "0:50"}, {"Year": "2021", "Month": "01", "Rank": "60", "Chart_Movement": "-6", "Title": "Gran Turismo\u2122SPORT", "Hours_Played": "4801", "Players": "591", "Sessions": "4108", "Avg_Session": "1:11"}, {"Year": "2021", "Month": "01", "Rank": "61", "Chart_Movement": "-27", "Title": "Hollow Knight", "Hours_Played": "4799", "Players": "649", "Sessions": "3267", "Avg_Session": "1:29"}, {"Year": "2021", "Month": "01", "Rank": "62", "Chart_Movement": "+26", "Title": "Need for Speed\u2122 Heat", "Hours_Played": "4796", "Players": "587", "Sessions": "3181", "Avg_Session": "1:31"}, {"Year": "2021", "Month": "01", "Rank": "63", "Chart_Movement": "NEW", "Title": "HITMAN 3", "Hours_Played": "4776", "Players": "325", "Sessions": "3168", "Avg_Session": "1:31"}, {"Year": "2021", "Month": "01", "Rank": "64", "Chart_Movement": "+4", "Title": "DARK SOULS\u2122: REMASTERED", "Hours_Played": "4614", "Players": "348", "Sessions": "2895", "Avg_Session": "1:36"}, {"Year": "2021", "Month": "01", "Rank": "65", "Chart_Movement": "+21", "Title": "Skyrim", "Hours_Played": "4560", "Players": "426", "Sessions": "2350", "Avg_Session": "1:57"}, {"Year": "2021", "Month": "01", "Rank": "66", "Chart_Movement": "+5", "Title": "No Man's Sky", "Hours_Played": "4444", "Players": "387", "Sessions": "2223", "Avg_Session": "2:00"}, {"Year": "2021", "Month": "01", "Rank": "67", "Chart_Movement": "+5", "Title": "Fallout 76", "Hours_Played": "4435", "Players": "210", "Sessions": "1994", "Avg_Session": "2:14"}, {"Year": "2021", "Month": "01", "Rank": "68", "Chart_Movement": "-3", "Title": "FINAL FANTASY VII REMAKE", "Hours_Played": "4365", "Players": "323", "Sessions": "2404", "Avg_Session": "1:49"}, {"Year": "2021", "Month": "01", "Rank": "69", "Chart_Movement": "-17", "Title": "Yakuza: Like A Dragon", "Hours_Played": "4333", "Players": "157", "Sessions": "1788", "Avg_Session": "2:26"}, {"Year": "2021", "Month": "01", "Rank": "70", "Chart_Movement": "-3", "Title": "Share Play", "Hours_Played": "4216", "Players": "1974", "Sessions": "8013", "Avg_Session": "0:32"}, {"Year": "2021", "Month": "01", "Rank": "71", "Chart_Movement": "-9", "Title": "Assassin's Creed\u00ae Origins", "Hours_Played": "4173", "Players": "318", "Sessions": "2000", "Avg_Session": "2:06"}, {"Year": "2021", "Month": "01", "Rank": "72", "Chart_Movement": "-15", "Title": "Rogue Company", "Hours_Played": "4062", "Players": "704", "Sessions": "3672", "Avg_Session": "1:07"}, {"Year": "2021", "Month": "01", "Rank": "73", "Chart_Movement": "NEW", "Title": "Maneater", "Hours_Played": "3866", "Players": "955", "Sessions": "3147", "Avg_Session": "1:14"}, {"Year": "2021", "Month": "01", "Rank": "74", "Chart_Movement": "NEW", "Title": "HITMAN\u2122 2", "Hours_Played": "3625", "Players": "512", "Sessions": "2776", "Avg_Session": "1:19"}, {"Year": "2021", "Month": "01", "Rank": "75", "Chart_Movement": "-50", "Title": "Just Cause 4", "Hours_Played": "3594", "Players": "668", "Sessions": "2587", "Avg_Session": "1:24"}, {"Year": "2021", "Month": "01", "Rank": "76", "Chart_Movement": "-1", "Title": "Madden NFL 21", "Hours_Played": "3494", "Players": "230", "Sessions": "2796", "Avg_Session": "1:15"}, {"Year": "2021", "Month": "01", "Rank": "77", "Chart_Movement": "-18", "Title": "Nioh 2", "Hours_Played": "3450", "Players": "159", "Sessions": "1375", "Avg_Session": "2:31"}, {"Year": "2021", "Month": "01", "Rank": "78", "Chart_Movement": "+2", "Title": "Battlefield\u2122 1", "Hours_Played": "3356", "Players": "672", "Sessions": "3067", "Avg_Session": "1:06"}, {"Year": "2021", "Month": "01", "Rank": "79", "Chart_Movement": "NEW", "Title": "Conan Exiles", "Hours_Played": "3330", "Players": "170", "Sessions": "1175", "Avg_Session": "2:50"}, {"Year": "2021", "Month": "01", "Rank": "80", "Chart_Movement": "NEW", "Title": "Assassin's Creed The Ezio Collection", "Hours_Played": "3253", "Players": "174", "Sessions": "1474", "Avg_Session": "2:13"}, {"Year": "2021", "Month": "01", "Rank": "81", "Chart_Movement": "+4", "Title": "Call of Duty\u00ae: Black Ops 4", "Hours_Played": "3181", "Players": "377", "Sessions": "2250", "Avg_Session": "1:25"}, {"Year": "2021", "Month": "01", "Rank": "82", "Chart_Movement": "-5", "Title": "eFootball PES 2021 SEASON UPDATE", "Hours_Played": "3161", "Players": "187", "Sessions": "2818", "Avg_Session": "1:08"}, {"Year": "2021", "Month": "01", "Rank": "83", "Chart_Movement": "-14", "Title": "Uncharted 4: A Thiefs End", "Hours_Played": "3155", "Players": "490", "Sessions": "2083", "Avg_Session": "1:31"}, {"Year": "2021", "Month": "01", "Rank": "84", "Chart_Movement": "NEW", "Title": "Rise of the Tomb Raider", "Hours_Played": "3151", "Players": "410", "Sessions": "1828", "Avg_Session": "1:44"}, {"Year": "2021", "Month": "01", "Rank": "85", "Chart_Movement": "-45", "Title": "Watch Dogs\u00ae: Legion", "Hours_Played": "3134", "Players": "357", "Sessions": "1878", "Avg_Session": "1:41"}, {"Year": "2021", "Month": "01", "Rank": "86", "Chart_Movement": "+9", "Title": "Persona 5", "Hours_Played": "3121", "Players": "278", "Sessions": "1633", "Avg_Session": "1:55"}, {"Year": "2021", "Month": "01", "Rank": "87", "Chart_Movement": "-34", "Title": "DOOM Eternal", "Hours_Played": "3090", "Players": "381", "Sessions": "2202", "Avg_Session": "1:25"}, {"Year": "2021", "Month": "01", "Rank": "88", "Chart_Movement": "-50", "Title": "Vigor", "Hours_Played": "3084", "Players": "575", "Sessions": "2694", "Avg_Session": "1:09"}, {"Year": "2021", "Month": "01", "Rank": "89", "Chart_Movement": "-46", "Title": "Middle-earth: Shadow of War", "Hours_Played": "3040", "Players": "356", "Sessions": "1555", "Avg_Session": "1:58"}, {"Year": "2021", "Month": "01", "Rank": "90", "Chart_Movement": "+6", "Title": "Sekiro\u2122: Shadows Die Twice", "Hours_Played": "3011", "Players": "273", "Sessions": "1835", "Avg_Session": "1:39"}, {"Year": "2021", "Month": "01", "Rank": "91", "Chart_Movement": "-17", "Title": "Call of Duty\u00ae: WWII", "Hours_Played": "2988", "Players": "574", "Sessions": "2532", "Avg_Session": "1:11"}, {"Year": "2021", "Month": "01", "Rank": "92", "Chart_Movement": "-16", "Title": "Need for Speed\u2122 Payback", "Hours_Played": "2978", "Players": "667", "Sessions": "2588", "Avg_Session": "1:10"}, {"Year": "2021", "Month": "01", "Rank": "93", "Chart_Movement": "NEW", "Title": "Black Desert", "Hours_Played": "2965", "Players": "137", "Sessions": "1083", "Avg_Session": "2:45"}, {"Year": "2021", "Month": "01", "Rank": "94", "Chart_Movement": "-4", "Title": "Far Cry\u00ae 5", "Hours_Played": "2890", "Players": "393", "Sessions": "1790", "Avg_Session": "1:37"}, {"Year": "2021", "Month": "01", "Rank": "95", "Chart_Movement": "NEW", "Title": "Battlefield 4\u2122", "Hours_Played": "2747", "Players": "442", "Sessions": "2268", "Avg_Session": "1:13"}, {"Year": "2021", "Month": "01", "Rank": "96", "Chart_Movement": "-7", "Title": "Diablo III: Reaper of Souls  Ultimate Evil Edition", "Hours_Played": "2740", "Players": "232", "Sessions": "1354", "Avg_Session": "2:02"}, {"Year": "2021", "Month": "01", "Rank": "97", "Chart_Movement": "-13", "Title": "Uncharted\u2122: The Nathan Drake Collection", "Hours_Played": "2726", "Players": "444", "Sessions": "1886", "Avg_Session": "1:27"}, {"Year": "2021", "Month": "01", "Rank": "98", "Chart_Movement": "NEW", "Title": "War Thunder", "Hours_Played": "2625", "Players": "204", "Sessions": "1885", "Avg_Session": "1:24"}, {"Year": "2021", "Month": "01", "Rank": "99", "Chart_Movement": "NEW", "Title": "EA SPORTS\u2122 UFC\u00ae 3", "Hours_Played": "2581", "Players": "500", "Sessions": "2619", "Avg_Session": "1:00"}, {"Year": "2021", "Month": "01", "Rank": "100", "Chart_Movement": "-9", "Title": "Detroit: Become Human\u2122", "Hours_Played": "2564", "Players": "387", "Sessions": "1440", "Avg_Session": "1:47"}, {"Year": "2021", "Month": "02", "Rank": "1", "Chart_Movement": "+6", "Title": "Apex Legends", "Hours_Played": "94616", "Players": "3342", "Sessions": "59571", "Avg_Session": "1:36"}, {"Year": "2021", "Month": "02", "Rank": "2", "Chart_Movement": "+1", "Title": "Call of Duty\u00ae: Black Ops Cold War", "Hours_Played": "90916", "Players": "4093", "Sessions": "56591", "Avg_Session": "1:37"}, {"Year": "2021", "Month": "02", "Rank": "3", "Chart_Movement": "-1", "Title": "Fortnite", "Hours_Played": "80164", "Players": "4584", "Sessions": "61542", "Avg_Session": "1:19"}, {"Year": "2021", "Month": "02", "Rank": "4", "Chart_Movement": "+1", "Title": "Call of Duty\u00ae: Modern Warfare\u00ae", "Hours_Played": "78022", "Players": "4745", "Sessions": "54204", "Avg_Session": "1:27"}, {"Year": "2021", "Month": "02", "Rank": "5", "Chart_Movement": "-1", "Title": "FIFA 21", "Hours_Played": "77332", "Players": "2575", "Sessions": "49072", "Avg_Session": "1:35"}, {"Year": "2021", "Month": "02", "Rank": "6", "Chart_Movement": "-5", "Title": "Grand Theft Auto V", "Hours_Played": "76545", "Players": "4911", "Sessions": "44537", "Avg_Session": "1:44"}, {"Year": "2021", "Month": "02", "Rank": "7", "Chart_Movement": "-1", "Title": "Rocket League\u00ae", "Hours_Played": "63436", "Players": "4530", "Sessions": "59707", "Avg_Session": "1:04"}, {"Year": "2021", "Month": "02", "Rank": "8", "Chart_Movement": "=", "Title": "Minecraft", "Hours_Played": "52473", "Players": "3775", "Sessions": "32433", "Avg_Session": "1:38"}, {"Year": "2021", "Month": "02", "Rank": "9", "Chart_Movement": "=", "Title": "Tom Clancy's Rainbow Six Siege", "Hours_Played": "48148", "Players": "2590", "Sessions": "32389", "Avg_Session": "1:30"}, {"Year": "2021", "Month": "02", "Rank": "10", "Chart_Movement": "+2", "Title": "Genshin Impact", "Hours_Played": "40533", "Players": "1533", "Sessions": "25091", "Avg_Session": "1:37"}, {"Year": "2021", "Month": "02", "Rank": "11", "Chart_Movement": "+4", "Title": "Destiny 2", "Hours_Played": "38100", "Players": "1080", "Sessions": "15810", "Avg_Session": "2:25"}, {"Year": "2021", "Month": "02", "Rank": "12", "Chart_Movement": "+2", "Title": "ARK: Survival Evolved", "Hours_Played": "30138", "Players": "879", "Sessions": "10604", "Avg_Session": "2:51"}, {"Year": "2021", "Month": "02", "Rank": "13", "Chart_Movement": "=", "Title": "Red Dead Redemption 2", "Hours_Played": "29686", "Players": "2023", "Sessions": "16678", "Avg_Session": "1:47"}, {"Year": "2021", "Month": "02", "Rank": "14", "Chart_Movement": "NEW", "Title": "Control", "Hours_Played": "27551", "Players": "4111", "Sessions": "18805", "Avg_Session": "1:28"}, {"Year": "2021", "Month": "02", "Rank": "15", "Chart_Movement": "-5", "Title": "Assassin's Creed\u00ae Valhalla", "Hours_Played": "23417", "Players": "1288", "Sessions": "12130", "Avg_Session": "1:56"}, {"Year": "2021", "Month": "02", "Rank": "16", "Chart_Movement": "+1", "Title": "Dead by Daylight", "Hours_Played": "23106", "Players": "1069", "Sessions": "13968", "Avg_Session": "1:40"}, {"Year": "2021", "Month": "02", "Rank": "17", "Chart_Movement": "+1", "Title": "Overwatch: Origins Edition", "Hours_Played": "21270", "Players": "1315", "Sessions": "15216", "Avg_Session": "1:24"}, {"Year": "2021", "Month": "02", "Rank": "18", "Chart_Movement": "-2", "Title": "Ghost of Tsushima", "Hours_Played": "15400", "Players": "1304", "Sessions": "8865", "Avg_Session": "1:45"}, {"Year": "2021", "Month": "02", "Rank": "19", "Chart_Movement": "+1", "Title": "NBA 2K21", "Hours_Played": "13250", "Players": "464", "Sessions": "8483", "Avg_Session": "1:34"}, {"Year": "2021", "Month": "02", "Rank": "20", "Chart_Movement": "-9", "Title": "Cyberpunk 2077", "Hours_Played": "11018", "Players": "903", "Sessions": "5510", "Avg_Session": "2:00"}, {"Year": "2021", "Month": "02", "Rank": "21", "Chart_Movement": "+3", "Title": "The Elder Scrolls Online: Tamriel Unlimited", "Hours_Played": "10677", "Players": "321", "Sessions": "4709", "Avg_Session": "2:17"}, {"Year": "2021", "Month": "02", "Rank": "22", "Chart_Movement": "=", "Title": "The Witcher 3: Wild Hunt", "Hours_Played": "10674", "Players": "791", "Sessions": "5059", "Avg_Session": "2:07"}, {"Year": "2021", "Month": "02", "Rank": "23", "Chart_Movement": "+9", "Title": "Tom Clancy's The Division\u00ae 2", "Hours_Played": "10565", "Players": "690", "Sessions": "5290", "Avg_Session": "2:00"}, {"Year": "2021", "Month": "02", "Rank": "24", "Chart_Movement": "+19", "Title": "FINAL FANTASY XIV", "Hours_Played": "10116", "Players": "220", "Sessions": "2795", "Avg_Session": "3:38"}, {"Year": "2021", "Month": "02", "Rank": "25", "Chart_Movement": "-2", "Title": "STAR WARS\u2122 Battlefront\u2122 II", "Hours_Played": "9227", "Players": "1204", "Sessions": "7780", "Avg_Session": "1:12"}, {"Year": "2021", "Month": "02", "Rank": "26", "Chart_Movement": "+4", "Title": "God of War", "Hours_Played": "9149", "Players": "1224", "Sessions": "5728", "Avg_Session": "1:36"}, {"Year": "2021", "Month": "02", "Rank": "27", "Chart_Movement": "NEW", "Title": "Concrete Genie", "Hours_Played": "8956", "Players": "2460", "Sessions": "6773", "Avg_Session": "1:20"}, {"Year": "2021", "Month": "02", "Rank": "28", "Chart_Movement": "-7", "Title": "The Last of Us\u2122 Part II", "Hours_Played": "8754", "Players": "879", "Sessions": "5059", "Avg_Session": "1:44"}, {"Year": "2021", "Month": "02", "Rank": "29", "Chart_Movement": "-4", "Title": "FIFA 20", "Hours_Played": "8453", "Players": "1045", "Sessions": "7260", "Avg_Session": "1:10"}, {"Year": "2021", "Month": "02", "Rank": "30", "Chart_Movement": "+3", "Title": "STAR WARS Jedi: Fallen Order\u2122", "Hours_Played": "7345", "Players": "787", "Sessions": "4372", "Avg_Session": "1:41"}, {"Year": "2021", "Month": "02", "Rank": "31", "Chart_Movement": "-2", "Title": "Fall Guys: Ultimate Knockout", "Hours_Played": "7090", "Players": "1798", "Sessions": "8351", "Avg_Session": "0:51"}, {"Year": "2021", "Month": "02", "Rank": "32", "Chart_Movement": "+3", "Title": "Monster Hunter World: Iceborne", "Hours_Played": "6865", "Players": "487", "Sessions": "3128", "Avg_Session": "2:12"}, {"Year": "2021", "Month": "02", "Rank": "33", "Chart_Movement": "+29", "Title": "Need for Speed\u2122 Heat", "Hours_Played": "6639", "Players": "774", "Sessions": "4597", "Avg_Session": "1:27"}, {"Year": "2021", "Month": "02", "Rank": "34", "Chart_Movement": "+25", "Title": "Brawlhalla", "Hours_Played": "6338", "Players": "868", "Sessions": "7159", "Avg_Session": "0:54"}, {"Year": "2021", "Month": "02", "Rank": "35", "Chart_Movement": "-9", "Title": "Persona 5 Royal", "Hours_Played": "6313", "Players": "353", "Sessions": "3007", "Avg_Session": "2:06"}, {"Year": "2021", "Month": "02", "Rank": "36", "Chart_Movement": "+3", "Title": "Bloodborne\u2122", "Hours_Played": "6261", "Players": "747", "Sessions": "4254", "Avg_Session": "1:29"}, {"Year": "2021", "Month": "02", "Rank": "37", "Chart_Movement": "+18", "Title": "For Honor", "Hours_Played": "6129", "Players": "490", "Sessions": "4860", "Avg_Session": "1:16"}, {"Year": "2021", "Month": "02", "Rank": "38", "Chart_Movement": "+14", "Title": "Warframe", "Hours_Played": "6071", "Players": "326", "Sessions": "3563", "Avg_Session": "1:43"}, {"Year": "2021", "Month": "02", "Rank": "39", "Chart_Movement": "+12", "Title": "Battlefield\u2122 V", "Hours_Played": "6023", "Players": "766", "Sessions": "4839", "Avg_Session": "1:15"}, {"Year": "2021", "Month": "02", "Rank": "40", "Chart_Movement": "+6", "Title": "DayZ", "Hours_Played": "5832", "Players": "257", "Sessions": "2770", "Avg_Session": "2:07"}, {"Year": "2021", "Month": "02", "Rank": "41", "Chart_Movement": "-4", "Title": "Assassin's Creed\u00ae Odyssey", "Hours_Played": "5771", "Players": "384", "Sessions": "2928", "Avg_Session": "1:59"}, {"Year": "2021", "Month": "02", "Rank": "42", "Chart_Movement": "NEW", "Title": "Persona 5 Strikers", "Hours_Played": "5738", "Players": "328", "Sessions": "2655", "Avg_Session": "2:10"}, {"Year": "2021", "Month": "02", "Rank": "43", "Chart_Movement": "-16", "Title": "Marvel's Spider-Man: Miles Morales", "Hours_Played": "5703", "Players": "747", "Sessions": "4165", "Avg_Session": "1:23"}, {"Year": "2021", "Month": "02", "Rank": "44", "Chart_Movement": "+5", "Title": "NBA 2K20", "Hours_Played": "5422", "Players": "443", "Sessions": "3520", "Avg_Session": "1:33"}, {"Year": "2021", "Month": "02", "Rank": "45", "Chart_Movement": "-14", "Title": "DAYS GONE", "Hours_Played": "5342", "Players": "587", "Sessions": "3178", "Avg_Session": "1:41"}, {"Year": "2021", "Month": "02", "Rank": "46", "Chart_Movement": "-8", "Title": "The Crew\u00ae 2", "Hours_Played": "5283", "Players": "681", "Sessions": "4174", "Avg_Session": "1:16"}, {"Year": "2021", "Month": "02", "Rank": "47", "Chart_Movement": "-6", "Title": "Mortal Kombat 11", "Hours_Played": "5252", "Players": "731", "Sessions": "4629", "Avg_Session": "1:09"}, {"Year": "2021", "Month": "02", "Rank": "48", "Chart_Movement": "+8", "Title": "Call of Duty\u00ae: Black Ops III", "Hours_Played": "5211", "Players": "1035", "Sessions": "4942", "Avg_Session": "1:04"}, {"Year": "2021", "Month": "02", "Rank": "49", "Chart_Movement": "+1", "Title": "SMITE", "Hours_Played": "5190", "Players": "289", "Sessions": "3227", "Avg_Session": "1:37"}, {"Year": "2021", "Month": "02", "Rank": "50", "Chart_Movement": "-10", "Title": "DARK SOULS\u2122 III", "Hours_Played": "5167", "Players": "475", "Sessions": "3163", "Avg_Session": "1:39"}, {"Year": "2021", "Month": "02", "Rank": "51", "Chart_Movement": "-4", "Title": "F1\u00ae 2020", "Hours_Played": "5081", "Players": "357", "Sessions": "3591", "Avg_Session": "1:25"}, {"Year": "2021", "Month": "02", "Rank": "52", "Chart_Movement": "-10", "Title": "Horizon Zero Dawn", "Hours_Played": "5027", "Players": "595", "Sessions": "2926", "Avg_Session": "1:44"}, {"Year": "2021", "Month": "02", "Rank": "53", "Chart_Movement": "+19", "Title": "Rogue Company", "Hours_Played": "4688", "Players": "722", "Sessions": "3856", "Avg_Session": "1:13"}, {"Year": "2021", "Month": "02", "Rank": "54", "Chart_Movement": "+13", "Title": "Fallout 76", "Hours_Played": "4618", "Players": "203", "Sessions": "2015", "Avg_Session": "2:18"}, {"Year": "2021", "Month": "02", "Rank": "55", "Chart_Movement": "-36", "Title": "Shadow of the Tomb Raider", "Hours_Played": "4558", "Players": "808", "Sessions": "2880", "Avg_Session": "1:35"}, {"Year": "2021", "Month": "02", "Rank": "56", "Chart_Movement": "+4", "Title": "Gran Turismo\u2122SPORT", "Hours_Played": "4486", "Players": "618", "Sessions": "3973", "Avg_Session": "1:08"}, {"Year": "2021", "Month": "02", "Rank": "57", "Chart_Movement": "-13", "Title": "Marvel's Spider-Man", "Hours_Played": "4400", "Players": "706", "Sessions": "3352", "Avg_Session": "1:19"}, {"Year": "2021", "Month": "02", "Rank": "58", "Chart_Movement": "-1", "Title": "Borderlands\u00ae 3", "Hours_Played": "4377", "Players": "448", "Sessions": "2410", "Avg_Session": "1:49"}, {"Year": "2021", "Month": "02", "Rank": "59", "Chart_Movement": "-5", "Title": "The Last of Us\u2122 Remastered", "Hours_Played": "4368", "Players": "595", "Sessions": "2893", "Avg_Session": "1:31"}, {"Year": "2021", "Month": "02", "Rank": "60", "Chart_Movement": "-32", "Title": "Immortals Fenyx Rising \u2122", "Hours_Played": "4225", "Players": "300", "Sessions": "2378", "Avg_Session": "1:47"}, {"Year": "2021", "Month": "02", "Rank": "61", "Chart_Movement": "-27", "Title": "DEATH STRANDING\u2122", "Hours_Played": "4171", "Players": "400", "Sessions": "2213", "Avg_Session": "1:54"}, {"Year": "2021", "Month": "02", "Rank": "62", "Chart_Movement": "-4", "Title": "Tom Clancys Ghost Recon Breakpoint", "Hours_Played": "4152", "Players": "364", "Sessions": "1967", "Avg_Session": "2:07"}, {"Year": "2021", "Month": "02", "Rank": "63", "Chart_Movement": "=", "Title": "HITMAN 3", "Hours_Played": "4114", "Players": "294", "Sessions": "2796", "Avg_Session": "1:29"}, {"Year": "2021", "Month": "02", "Rank": "64", "Chart_Movement": "NEW", "Title": "Destruction AllStars\u2122", "Hours_Played": "3724", "Players": "1393", "Sessions": "4972", "Avg_Session": "0:45"}, {"Year": "2021", "Month": "02", "Rank": "65", "Chart_Movement": "-29", "Title": "The Forest", "Hours_Played": "3707", "Players": "503", "Sessions": "2010", "Avg_Session": "1:51"}, {"Year": "2021", "Month": "02", "Rank": "66", "Chart_Movement": "-13", "Title": "Fallout 4", "Hours_Played": "3696", "Players": "384", "Sessions": "2000", "Avg_Session": "1:51"}, {"Year": "2021", "Month": "02", "Rank": "67", "Chart_Movement": "NEW", "Title": "Stardew Valley", "Hours_Played": "3661", "Players": "253", "Sessions": "1808", "Avg_Session": "2:02"}, {"Year": "2021", "Month": "02", "Rank": "68", "Chart_Movement": "NEW", "Title": "Farming Simulator 19", "Hours_Played": "3647", "Players": "351", "Sessions": "2087", "Avg_Session": "1:45"}, {"Year": "2021", "Month": "02", "Rank": "69", "Chart_Movement": "+12", "Title": "Call of Duty\u00ae: Black Ops 4", "Hours_Played": "3643", "Players": "464", "Sessions": "2682", "Avg_Session": "1:22"}, {"Year": "2021", "Month": "02", "Rank": "70", "Chart_Movement": "-5", "Title": "Skyrim", "Hours_Played": "3595", "Players": "368", "Sessions": "1895", "Avg_Session": "1:54"}, {"Year": "2021", "Month": "02", "Rank": "71", "Chart_Movement": "-1", "Title": "Share Play", "Hours_Played": "3529", "Players": "2011", "Sessions": "7271", "Avg_Session": "0:30"}, {"Year": "2021", "Month": "02", "Rank": "72", "Chart_Movement": "-11", "Title": "Hollow Knight", "Hours_Played": "3497", "Players": "517", "Sessions": "2561", "Avg_Session": "1:22"}, {"Year": "2021", "Month": "02", "Rank": "73", "Chart_Movement": "-7", "Title": "No Man's Sky", "Hours_Played": "3402", "Players": "393", "Sessions": "1956", "Avg_Session": "1:45"}, {"Year": "2021", "Month": "02", "Rank": "74", "Chart_Movement": "+2", "Title": "Madden NFL 21", "Hours_Played": "3151", "Players": "260", "Sessions": "2583", "Avg_Session": "1:14"}, {"Year": "2021", "Month": "02", "Rank": "75", "Chart_Movement": "-30", "Title": "Demon's Souls", "Hours_Played": "3137", "Players": "300", "Sessions": "2088", "Avg_Session": "1:31"}, {"Year": "2021", "Month": "02", "Rank": "76", "Chart_Movement": "+16", "Title": "Need for Speed\u2122 Payback", "Hours_Played": "3101", "Players": "696", "Sessions": "2574", "Avg_Session": "1:13"}, {"Year": "2021", "Month": "02", "Rank": "77", "Chart_Movement": "+1", "Title": "Battlefield\u2122 1", "Hours_Played": "3048", "Players": "619", "Sessions": "2746", "Avg_Session": "1:07"}, {"Year": "2021", "Month": "02", "Rank": "78", "Chart_Movement": "+5", "Title": "Uncharted 4: A Thiefs End", "Hours_Played": "3044", "Players": "454", "Sessions": "2013", "Avg_Session": "1:31"}, {"Year": "2021", "Month": "02", "Rank": "79", "Chart_Movement": "+3", "Title": "eFootball PES 2021 SEASON UPDATE", "Hours_Played": "3022", "Players": "185", "Sessions": "2531", "Avg_Session": "1:12"}, {"Year": "2021", "Month": "02", "Rank": "80", "Chart_Movement": "-9", "Title": "Assassin's Creed\u00ae Origins", "Hours_Played": "3008", "Players": "244", "Sessions": "1516", "Avg_Session": "2:00"}, {"Year": "2021", "Month": "02", "Rank": "81", "Chart_Movement": "+13", "Title": "Far Cry\u00ae 5", "Hours_Played": "2965", "Players": "374", "Sessions": "1851", "Avg_Session": "1:37"}, {"Year": "2021", "Month": "02", "Rank": "82", "Chart_Movement": "+4", "Title": "Persona 5", "Hours_Played": "2931", "Players": "250", "Sessions": "1437", "Avg_Session": "2:03"}, {"Year": "2021", "Month": "02", "Rank": "83", "Chart_Movement": "-19", "Title": "DARK SOULS\u2122: REMASTERED", "Hours_Played": "2858", "Players": "291", "Sessions": "1794", "Avg_Session": "1:36"}, {"Year": "2021", "Month": "02", "Rank": "84", "Chart_Movement": "NEW", "Title": "We Were Here", "Hours_Played": "2857", "Players": "1582", "Sessions": "2782", "Avg_Session": "1:02"}, {"Year": "2021", "Month": "02", "Rank": "85", "Chart_Movement": "+6", "Title": "Call of Duty\u00ae: WWII", "Hours_Played": "2821", "Players": "566", "Sessions": "2466", "Avg_Session": "1:09"}, {"Year": "2021", "Month": "02", "Rank": "86", "Chart_Movement": "NEW", "Title": "The Sims\u2122 4", "Hours_Played": "2793", "Players": "380", "Sessions": "1634", "Avg_Session": "1:43"}, {"Year": "2021", "Month": "02", "Rank": "87", "Chart_Movement": "+1", "Title": "Vigor", "Hours_Played": "2786", "Players": "479", "Sessions": "2270", "Avg_Session": "1:14"}, {"Year": "2021", "Month": "02", "Rank": "88", "Chart_Movement": "-3", "Title": "Watch Dogs\u00ae: Legion", "Hours_Played": "2747", "Players": "329", "Sessions": "1729", "Avg_Session": "1:36"}, {"Year": "2021", "Month": "02", "Rank": "89", "Chart_Movement": "NEW", "Title": "HUNT: SHOWDOWN", "Hours_Played": "2711", "Players": "123", "Sessions": "1083", "Avg_Session": "2:31"}, {"Year": "2021", "Month": "02", "Rank": "90", "Chart_Movement": "+8", "Title": "War Thunder", "Hours_Played": "2655", "Players": "203", "Sessions": "2098", "Avg_Session": "1:16"}, {"Year": "2021", "Month": "02", "Rank": "91", "Chart_Movement": "-23", "Title": "FINAL FANTASY VII REMAKE", "Hours_Played": "2566", "Players": "263", "Sessions": "1452", "Avg_Session": "1:47"}, {"Year": "2021", "Month": "02", "Rank": "92", "Chart_Movement": "NEW", "Title": "World of Tanks", "Hours_Played": "2563", "Players": "215", "Sessions": "1749", "Avg_Session": "1:28"}, {"Year": "2021", "Month": "02", "Rank": "93", "Chart_Movement": "-3", "Title": "Sekiro\u2122: Shadows Die Twice", "Hours_Played": "2536", "Players": "253", "Sessions": "1583", "Avg_Session": "1:37"}, {"Year": "2021", "Month": "02", "Rank": "94", "Chart_Movement": "+3", "Title": "Uncharted\u2122: The Nathan Drake Collection", "Hours_Played": "2501", "Players": "376", "Sessions": "1779", "Avg_Session": "1:25"}, {"Year": "2021", "Month": "02", "Rank": "95", "Chart_Movement": "-16", "Title": "Conan Exiles", "Hours_Played": "2468", "Players": "130", "Sessions": "1034", "Avg_Session": "2:24"}, {"Year": "2021", "Month": "02", "Rank": "96", "Chart_Movement": "NEW", "Title": "OUTRIDERS - DEMO", "Hours_Played": "2461", "Players": "873", "Sessions": "1737", "Avg_Session": "1:25"}, {"Year": "2021", "Month": "02", "Rank": "97", "Chart_Movement": "NEW", "Title": "Paladins", "Hours_Played": "2452", "Players": "354", "Sessions": "2127", "Avg_Session": "1:10"}, {"Year": "2021", "Month": "02", "Rank": "98", "Chart_Movement": "-2", "Title": "Diablo III: Reaper of Souls  Ultimate Evil Edition", "Hours_Played": "2447", "Players": "265", "Sessions": "1288", "Avg_Session": "1:55"}, {"Year": "2021", "Month": "02", "Rank": "99", "Chart_Movement": "-10", "Title": "Middle-earth: Shadow of War", "Hours_Played": "2442", "Players": "273", "Sessions": "1313", "Avg_Session": "1:52"}, {"Year": "2021", "Month": "02", "Rank": "100", "Chart_Movement": "-1", "Title": "EA SPORTS\u2122 UFC\u00ae 3", "Hours_Played": "2438", "Players": "475", "Sessions": "2646", "Avg_Session": "0:56"}, {"Year": "2021", "Month": "03", "Rank": "1", "Chart_Movement": "+2", "Title": "Fortnite", "Hours_Played": "116470", "Players": "5677", "Sessions": "87560", "Avg_Session": "1:20"}, {"Year": "2021", "Month": "03", "Rank": "2", "Chart_Movement": "-1", "Title": "Apex Legends", "Hours_Played": "92103", "Players": "3673", "Sessions": "63635", "Avg_Session": "1:27"}, {"Year": "2021", "Month": "03", "Rank": "3", "Chart_Movement": "+1", "Title": "Call of Duty\u00ae: Modern Warfare\u00ae", "Hours_Played": "90681", "Players": "5108", "Sessions": "64212", "Avg_Session": "1:25"}, {"Year": "2021", "Month": "03", "Rank": "4", "Chart_Movement": "-2", "Title": "Call of Duty\u00ae: Black Ops Cold War", "Hours_Played": "84621", "Players": "4311", "Sessions": "56666", "Avg_Session": "1:30"}, {"Year": "2021", "Month": "03", "Rank": "5", "Chart_Movement": "=", "Title": "FIFA 21", "Hours_Played": "81427", "Players": "2741", "Sessions": "52803", "Avg_Session": "1:33"}, {"Year": "2021", "Month": "03", "Rank": "6", "Chart_Movement": "=", "Title": "Grand Theft Auto V", "Hours_Played": "73161", "Players": "5113", "Sessions": "44372", "Avg_Session": "1:39"}, {"Year": "2021", "Month": "03", "Rank": "7", "Chart_Movement": "=", "Title": "Rocket League\u00ae", "Hours_Played": "68387", "Players": "4920", "Sessions": "66300", "Avg_Session": "1:02"}, {"Year": "2021", "Month": "03", "Rank": "8", "Chart_Movement": "+1", "Title": "Tom Clancy's Rainbow Six Siege", "Hours_Played": "59182", "Players": "3340", "Sessions": "41588", "Avg_Session": "1:26"}, {"Year": "2021", "Month": "03", "Rank": "9", "Chart_Movement": "-1", "Title": "Minecraft", "Hours_Played": "54974", "Players": "4056", "Sessions": "35288", "Avg_Session": "1:34"}, {"Year": "2021", "Month": "03", "Rank": "10", "Chart_Movement": "=", "Title": "Genshin Impact", "Hours_Played": "41413", "Players": "1633", "Sessions": "28978", "Avg_Session": "1:26"}, {"Year": "2021", "Month": "03", "Rank": "11", "Chart_Movement": "=", "Title": "Destiny 2", "Hours_Played": "36965", "Players": "1051", "Sessions": "16147", "Avg_Session": "2:18"}, {"Year": "2021", "Month": "03", "Rank": "12", "Chart_Movement": "+79", "Title": "FINAL FANTASY VII REMAKE", "Hours_Played": "35217", "Players": "3194", "Sessions": "18544", "Avg_Session": "1:54"}, {"Year": "2021", "Month": "03", "Rank": "13", "Chart_Movement": "-1", "Title": "ARK: Survival Evolved", "Hours_Played": "29862", "Players": "854", "Sessions": "11195", "Avg_Session": "2:41"}, {"Year": "2021", "Month": "03", "Rank": "14", "Chart_Movement": "-1", "Title": "Red Dead Redemption 2", "Hours_Played": "29313", "Players": "1981", "Sessions": "16829", "Avg_Session": "1:45"}, {"Year": "2021", "Month": "03", "Rank": "15", "Chart_Movement": "+1", "Title": "Dead by Daylight", "Hours_Played": "26229", "Players": "1221", "Sessions": "14616", "Avg_Session": "1:48"}, {"Year": "2021", "Month": "03", "Rank": "16", "Chart_Movement": "NEW", "Title": "Remnant: From the Ashes", "Hours_Played": "25578", "Players": "3153", "Sessions": "14143", "Avg_Session": "1:49"}, {"Year": "2021", "Month": "03", "Rank": "17", "Chart_Movement": "-2", "Title": "Assassin's Creed\u00ae Valhalla", "Hours_Played": "21594", "Players": "1256", "Sessions": "11280", "Avg_Session": "1:55"}, {"Year": "2021", "Month": "03", "Rank": "18", "Chart_Movement": "-1", "Title": "Overwatch: Origins Edition", "Hours_Played": "19574", "Players": "1312", "Sessions": "14991", "Avg_Session": "1:19"}, {"Year": "2021", "Month": "03", "Rank": "19", "Chart_Movement": "=", "Title": "NBA 2K21", "Hours_Played": "16110", "Players": "537", "Sessions": "10431", "Avg_Session": "1:33"}, {"Year": "2021", "Month": "03", "Rank": "20", "Chart_Movement": "NEW", "Title": "Subnautica", "Hours_Played": "15579", "Players": "3297", "Sessions": "10644", "Avg_Session": "1:28"}, {"Year": "2021", "Month": "03", "Rank": "21", "Chart_Movement": "NEW", "Title": "Ratchet & Clank\u2122", "Hours_Played": "15459", "Players": "2943", "Sessions": "10953", "Avg_Session": "1:25"}, {"Year": "2021", "Month": "03", "Rank": "22", "Chart_Movement": "-4", "Title": "Ghost of Tsushima", "Hours_Played": "15117", "Players": "1328", "Sessions": "8856", "Avg_Session": "1:43"}, {"Year": "2021", "Month": "03", "Rank": "23", "Chart_Movement": "+8", "Title": "Fall Guys: Ultimate Knockout", "Hours_Played": "11293", "Players": "2369", "Sessions": "12570", "Avg_Session": "0:54"}, {"Year": "2021", "Month": "03", "Rank": "24", "Chart_Movement": "-3", "Title": "The Elder Scrolls Online: Tamriel Unlimited", "Hours_Played": "10939", "Players": "292", "Sessions": "4725", "Avg_Session": "2:19"}, {"Year": "2021", "Month": "03", "Rank": "25", "Chart_Movement": "-1", "Title": "FINAL FANTASY XIV", "Hours_Played": "10857", "Players": "217", "Sessions": "3185", "Avg_Session": "3:25"}, {"Year": "2021", "Month": "03", "Rank": "26", "Chart_Movement": "-3", "Title": "Tom Clancy's The Division\u00ae 2", "Hours_Played": "10062", "Players": "512", "Sessions": "4436", "Avg_Session": "2:17"}, {"Year": "2021", "Month": "03", "Rank": "27", "Chart_Movement": "-13", "Title": "Control", "Hours_Played": "9906", "Players": "1441", "Sessions": "6706", "Avg_Session": "1:29"}, {"Year": "2021", "Month": "03", "Rank": "28", "Chart_Movement": "+1", "Title": "FIFA 20", "Hours_Played": "9838", "Players": "954", "Sessions": "7708", "Avg_Session": "1:17"}, {"Year": "2021", "Month": "03", "Rank": "29", "Chart_Movement": "-1", "Title": "The Last of Us\u2122 Part II", "Hours_Played": "8878", "Players": "867", "Sessions": "5018", "Avg_Session": "1:47"}, {"Year": "2021", "Month": "03", "Rank": "30", "Chart_Movement": "-8", "Title": "The Witcher 3: Wild Hunt", "Hours_Played": "8862", "Players": "783", "Sessions": "4522", "Avg_Session": "1:58"}, {"Year": "2021", "Month": "03", "Rank": "31", "Chart_Movement": "+8", "Title": "Battlefield\u2122 V", "Hours_Played": "8414", "Players": "857", "Sessions": "6286", "Avg_Session": "1:21"}, {"Year": "2021", "Month": "03", "Rank": "32", "Chart_Movement": "=", "Title": "Monster Hunter World: Iceborne", "Hours_Played": "8067", "Players": "569", "Sessions": "3706", "Avg_Session": "2:11"}, {"Year": "2021", "Month": "03", "Rank": "33", "Chart_Movement": "+9", "Title": "Persona 5 Strikers", "Hours_Played": "7794", "Players": "349", "Sessions": "3967", "Avg_Session": "1:58"}, {"Year": "2021", "Month": "03", "Rank": "34", "Chart_Movement": "+54", "Title": "Watch Dogs\u00ae: Legion", "Hours_Played": "7702", "Players": "1417", "Sessions": "6047", "Avg_Session": "1:17"}, {"Year": "2021", "Month": "03", "Rank": "35", "Chart_Movement": "-15", "Title": "Cyberpunk 2077", "Hours_Played": "7422", "Players": "861", "Sessions": "4271", "Avg_Session": "1:45"}, {"Year": "2021", "Month": "03", "Rank": "36", "Chart_Movement": "-2", "Title": "Brawlhalla", "Hours_Played": "7249", "Players": "939", "Sessions": "7985", "Avg_Session": "0:55"}, {"Year": "2021", "Month": "03", "Rank": "37", "Chart_Movement": "+14", "Title": "F1\u00ae 2020", "Hours_Played": "7214", "Players": "475", "Sessions": "5116", "Avg_Session": "1:25"}, {"Year": "2021", "Month": "03", "Rank": "38", "Chart_Movement": "-12", "Title": "God of War", "Hours_Played": "7156", "Players": "934", "Sessions": "4532", "Avg_Session": "1:35"}, {"Year": "2021", "Month": "03", "Rank": "39", "Chart_Movement": "-2", "Title": "For Honor", "Hours_Played": "6957", "Players": "574", "Sessions": "5485", "Avg_Session": "1:17"}, {"Year": "2021", "Month": "03", "Rank": "40", "Chart_Movement": "-4", "Title": "Bloodborne\u2122", "Hours_Played": "6855", "Players": "845", "Sessions": "4599", "Avg_Session": "1:30"}, {"Year": "2021", "Month": "03", "Rank": "41", "Chart_Movement": "-1", "Title": "DayZ", "Hours_Played": "6665", "Players": "280", "Sessions": "3305", "Avg_Session": "2:01"}, {"Year": "2021", "Month": "03", "Rank": "42", "Chart_Movement": "NEW", "Title": "Rust Beta", "Hours_Played": "6620", "Players": "455", "Sessions": "3139", "Avg_Session": "2:07"}, {"Year": "2021", "Month": "03", "Rank": "43", "Chart_Movement": "-18", "Title": "STAR WARS\u2122 Battlefront\u2122 II", "Hours_Played": "6523", "Players": "931", "Sessions": "5553", "Avg_Session": "1:11"}, {"Year": "2021", "Month": "03", "Rank": "44", "Chart_Movement": "-11", "Title": "Need for Speed\u2122 Heat", "Hours_Played": "6461", "Players": "749", "Sessions": "4339", "Avg_Session": "1:30"}, {"Year": "2021", "Month": "03", "Rank": "45", "Chart_Movement": "-1", "Title": "NBA 2K20", "Hours_Played": "6409", "Players": "475", "Sessions": "4329", "Avg_Session": "1:29"}, {"Year": "2021", "Month": "03", "Rank": "46", "Chart_Movement": "+1", "Title": "Mortal Kombat 11", "Hours_Played": "6396", "Players": "830", "Sessions": "5701", "Avg_Session": "1:08"}, {"Year": "2021", "Month": "03", "Rank": "47", "Chart_Movement": "-6", "Title": "Assassin's Creed\u00ae Odyssey", "Hours_Played": "6307", "Players": "415", "Sessions": "3085", "Avg_Session": "2:03"}, {"Year": "2021", "Month": "03", "Rank": "48", "Chart_Movement": "-3", "Title": "DAYS GONE", "Hours_Played": "6192", "Players": "657", "Sessions": "3564", "Avg_Session": "1:45"}, {"Year": "2021", "Month": "03", "Rank": "49", "Chart_Movement": "-3", "Title": "The Crew\u00ae 2", "Hours_Played": "6119", "Players": "808", "Sessions": "5043", "Avg_Session": "1:13"}, {"Year": "2021", "Month": "03", "Rank": "50", "Chart_Movement": "-15", "Title": "Persona 5 Royal", "Hours_Played": "6115", "Players": "348", "Sessions": "2962", "Avg_Session": "2:04"}, {"Year": "2021", "Month": "03", "Rank": "51", "Chart_Movement": "-13", "Title": "Warframe", "Hours_Played": "5898", "Players": "328", "Sessions": "3479", "Avg_Session": "1:42"}, {"Year": "2021", "Month": "03", "Rank": "52", "Chart_Movement": "-9", "Title": "Marvel's Spider-Man: Miles Morales", "Hours_Played": "5408", "Players": "749", "Sessions": "4273", "Avg_Session": "1:16"}, {"Year": "2021", "Month": "03", "Rank": "53", "Chart_Movement": "+3", "Title": "Gran Turismo\u2122SPORT", "Hours_Played": "5278", "Players": "690", "Sessions": "4763", "Avg_Session": "1:07"}, {"Year": "2021", "Month": "03", "Rank": "54", "Chart_Movement": "-5", "Title": "SMITE", "Hours_Played": "5178", "Players": "276", "Sessions": "3379", "Avg_Session": "1:32"}, {"Year": "2021", "Month": "03", "Rank": "55", "Chart_Movement": "NEW", "Title": "Marvel's Avengers", "Hours_Played": "5175", "Players": "469", "Sessions": "3675", "Avg_Session": "1:25"}, {"Year": "2021", "Month": "03", "Rank": "56", "Chart_Movement": "+33", "Title": "HUNT: SHOWDOWN", "Hours_Played": "5138", "Players": "190", "Sessions": "2210", "Avg_Session": "2:20"}, {"Year": "2021", "Month": "03", "Rank": "57", "Chart_Movement": "-5", "Title": "Horizon Zero Dawn", "Hours_Played": "4989", "Players": "658", "Sessions": "3131", "Avg_Session": "1:36"}, {"Year": "2021", "Month": "03", "Rank": "58", "Chart_Movement": "-10", "Title": "Call of Duty\u00ae: Black Ops III", "Hours_Played": "4899", "Players": "1030", "Sessions": "4771", "Avg_Session": "1:02"}, {"Year": "2021", "Month": "03", "Rank": "59", "Chart_Movement": "-29", "Title": "STAR WARS Jedi: Fallen Order\u2122", "Hours_Played": "4724", "Players": "516", "Sessions": "2631", "Avg_Session": "1:48"}, {"Year": "2021", "Month": "03", "Rank": "60", "Chart_Movement": "NEW", "Title": "Enter the Gungeon", "Hours_Played": "4683", "Players": "1995", "Sessions": "5513", "Avg_Session": "0:51"}, {"Year": "2021", "Month": "03", "Rank": "61", "Chart_Movement": "-2", "Title": "The Last of Us\u2122 Remastered", "Hours_Played": "4677", "Players": "563", "Sessions": "2891", "Avg_Session": "1:38"}, {"Year": "2021", "Month": "03", "Rank": "62", "Chart_Movement": "+13", "Title": "Demon's Souls", "Hours_Played": "4570", "Players": "361", "Sessions": "3063", "Avg_Session": "1:30"}, {"Year": "2021", "Month": "03", "Rank": "63", "Chart_Movement": "-13", "Title": "DARK SOULS\u2122 III", "Hours_Played": "4564", "Players": "504", "Sessions": "2974", "Avg_Session": "1:33"}, {"Year": "2021", "Month": "03", "Rank": "64", "Chart_Movement": "NEW", "Title": "Yakuza: Like A Dragon", "Hours_Played": "4522", "Players": "197", "Sessions": "2175", "Avg_Session": "2:05"}, {"Year": "2021", "Month": "03", "Rank": "65", "Chart_Movement": "+1", "Title": "Fallout 4", "Hours_Played": "4442", "Players": "396", "Sessions": "2260", "Avg_Session": "1:58"}, {"Year": "2021", "Month": "03", "Rank": "66", "Chart_Movement": "-9", "Title": "Marvel's Spider-Man", "Hours_Played": "4440", "Players": "731", "Sessions": "3415", "Avg_Session": "1:19"}, {"Year": "2021", "Month": "03", "Rank": "67", "Chart_Movement": "=", "Title": "Stardew Valley", "Hours_Played": "4253", "Players": "247", "Sessions": "2153", "Avg_Session": "1:59"}, {"Year": "2021", "Month": "03", "Rank": "68", "Chart_Movement": "-3", "Title": "The Forest", "Hours_Played": "4243", "Players": "608", "Sessions": "2431", "Avg_Session": "1:45"}, {"Year": "2021", "Month": "03", "Rank": "69", "Chart_Movement": "+2", "Title": "Share Play", "Hours_Played": "4094", "Players": "2192", "Sessions": "8109", "Avg_Session": "0:31"}, {"Year": "2021", "Month": "03", "Rank": "70", "Chart_Movement": "-17", "Title": "Rogue Company", "Hours_Played": "4086", "Players": "688", "Sessions": "3586", "Avg_Session": "1:09"}, {"Year": "2021", "Month": "03", "Rank": "71", "Chart_Movement": "-13", "Title": "Borderlands\u00ae 3", "Hours_Played": "4065", "Players": "424", "Sessions": "2238", "Avg_Session": "1:49"}, {"Year": "2021", "Month": "03", "Rank": "72", "Chart_Movement": "NEW", "Title": "DRAGON BALL FighterZ", "Hours_Played": "4026", "Players": "413", "Sessions": "3541", "Avg_Session": "1:09"}, {"Year": "2021", "Month": "03", "Rank": "73", "Chart_Movement": "+23", "Title": "OUTRIDERS - DEMO", "Hours_Played": "3746", "Players": "961", "Sessions": "2535", "Avg_Session": "1:29"}, {"Year": "2021", "Month": "03", "Rank": "74", "Chart_Movement": "-13", "Title": "DEATH STRANDING\u2122", "Hours_Played": "3735", "Players": "356", "Sessions": "2067", "Avg_Session": "1:49"}, {"Year": "2021", "Month": "03", "Rank": "75", "Chart_Movement": "-3", "Title": "Hollow Knight", "Hours_Played": "3622", "Players": "436", "Sessions": "2599", "Avg_Session": "1:24"}, {"Year": "2021", "Month": "03", "Rank": "76", "Chart_Movement": "-8", "Title": "Farming Simulator 19", "Hours_Played": "3619", "Players": "379", "Sessions": "2315", "Avg_Session": "1:34"}, {"Year": "2021", "Month": "03", "Rank": "77", "Chart_Movement": "-7", "Title": "Skyrim", "Hours_Played": "3544", "Players": "347", "Sessions": "1965", "Avg_Session": "1:49"}, {"Year": "2021", "Month": "03", "Rank": "78", "Chart_Movement": "NEW", "Title": "DOOM Eternal", "Hours_Played": "3521", "Players": "440", "Sessions": "2581", "Avg_Session": "1:22"}, {"Year": "2021", "Month": "03", "Rank": "79", "Chart_Movement": "-19", "Title": "Immortals Fenyx Rising \u2122", "Hours_Played": "3490", "Players": "293", "Sessions": "1923", "Avg_Session": "1:49"}, {"Year": "2021", "Month": "03", "Rank": "80", "Chart_Movement": "-3", "Title": "Battlefield\u2122 1", "Hours_Played": "3463", "Players": "660", "Sessions": "3097", "Avg_Session": "1:08"}, {"Year": "2021", "Month": "03", "Rank": "81", "Chart_Movement": "-2", "Title": "eFootball PES 2021 SEASON UPDATE", "Hours_Played": "3452", "Players": "197", "Sessions": "2734", "Avg_Session": "1:16"}, {"Year": "2021", "Month": "03", "Rank": "82", "Chart_Movement": "+8", "Title": "War Thunder", "Hours_Played": "3396", "Players": "247", "Sessions": "2553", "Avg_Session": "1:20"}, {"Year": "2021", "Month": "03", "Rank": "83", "Chart_Movement": "-28", "Title": "Shadow of the Tomb Raider", "Hours_Played": "3370", "Players": "546", "Sessions": "2156", "Avg_Session": "1:34"}, {"Year": "2021", "Month": "03", "Rank": "84", "Chart_Movement": "-15", "Title": "Call of Duty\u00ae: Black Ops 4", "Hours_Played": "3367", "Players": "493", "Sessions": "2660", "Avg_Session": "1:16"}, {"Year": "2021", "Month": "03", "Rank": "85", "Chart_Movement": "+8", "Title": "Sekiro\u2122: Shadows Die Twice", "Hours_Played": "3343", "Players": "305", "Sessions": "2150", "Avg_Session": "1:34"}, {"Year": "2021", "Month": "03", "Rank": "86", "Chart_Movement": "-13", "Title": "No Man's Sky", "Hours_Played": "3330", "Players": "362", "Sessions": "1955", "Avg_Session": "1:43"}, {"Year": "2021", "Month": "03", "Rank": "87", "Chart_Movement": "-5", "Title": "Persona 5", "Hours_Played": "3185", "Players": "290", "Sessions": "1686", "Avg_Session": "1:54"}, {"Year": "2021", "Month": "03", "Rank": "88", "Chart_Movement": "-8", "Title": "Assassin's Creed\u00ae Origins", "Hours_Played": "3082", "Players": "281", "Sessions": "1815", "Avg_Session": "1:42"}, {"Year": "2021", "Month": "03", "Rank": "89", "Chart_Movement": "-4", "Title": "Call of Duty\u00ae: WWII", "Hours_Played": "3074", "Players": "584", "Sessions": "2717", "Avg_Session": "1:08"}, {"Year": "2021", "Month": "03", "Rank": "90", "Chart_Movement": "NEW", "Title": "Black Desert", "Hours_Played": "3005", "Players": "88", "Sessions": "890", "Avg_Session": "3:23"}, {"Year": "2021", "Month": "03", "Rank": "91", "Chart_Movement": "-37", "Title": "Fallout 76", "Hours_Played": "2984", "Players": "175", "Sessions": "1620", "Avg_Session": "1:51"}, {"Year": "2021", "Month": "03", "Rank": "92", "Chart_Movement": "-14", "Title": "Uncharted 4: A Thiefs End", "Hours_Played": "2940", "Players": "435", "Sessions": "1963", "Avg_Session": "1:30"}, {"Year": "2021", "Month": "03", "Rank": "93", "Chart_Movement": "-19", "Title": "Madden NFL 21", "Hours_Played": "2927", "Players": "271", "Sessions": "2404", "Avg_Session": "1:14"}, {"Year": "2021", "Month": "03", "Rank": "94", "Chart_Movement": "NEW", "Title": "Warface", "Hours_Played": "2927", "Players": "249", "Sessions": "2290", "Avg_Session": "1:17"}, {"Year": "2021", "Month": "03", "Rank": "95", "Chart_Movement": "NEW", "Title": "Battlefield 4\u2122", "Hours_Played": "2905", "Players": "488", "Sessions": "2373", "Avg_Session": "1:14"}, {"Year": "2021", "Month": "03", "Rank": "96", "Chart_Movement": "NEW", "Title": "Dying Light: The Following \u2013 Enhanced Edition", "Hours_Played": "2756", "Players": "253", "Sessions": "1479", "Avg_Session": "1:52"}, {"Year": "2021", "Month": "03", "Rank": "97", "Chart_Movement": "-5", "Title": "World of Tanks", "Hours_Played": "2737", "Players": "244", "Sessions": "2098", "Avg_Session": "1:19"}, {"Year": "2021", "Month": "03", "Rank": "98", "Chart_Movement": "NEW", "Title": "FINAL FANTASY XV", "Hours_Played": "2734", "Players": "265", "Sessions": "1468", "Avg_Session": "1:52"}, {"Year": "2021", "Month": "03", "Rank": "99", "Chart_Movement": "-5", "Title": "Uncharted\u2122: The Nathan Drake Collection", "Hours_Played": "2734", "Players": "353", "Sessions": "1825", "Avg_Session": "1:30"}, {"Year": "2021", "Month": "03", "Rank": "100", "Chart_Movement": "-19", "Title": "Far Cry\u00ae 5", "Hours_Played": "2722", "Players": "376", "Sessions": "1789", "Avg_Session": "1:32"}]